Task Name,Description,Tags,Priority,Dependencies,Spec File
[F0][Kamu] 01. H-01 Repo GitHub & dokumen proyek,"Menyiapkan repositori privat berisi seluruh dokumen, supaya agent punya konteks sejak sesi pertama. Spesifikasi lengkap: docs/tasks/fase-0/H-01-repo-github-dan-dokumen-proyek.md","fase-0,manual,setup",normal,,docs/tasks/fase-0/H-01-repo-github-dan-dokumen-proyek.md
[F0][Kamu] 02. H-02 Supabase: project dev & prod,"Menyiapkan dua database PostgreSQL gratis di region Singapura (PRD §9.7, §10.6). Spesifikasi lengkap: docs/tasks/fase-0/H-02-supabase-project-dev-dan-prod.md","fase-0,manual,setup,database",normal,,docs/tasks/fase-0/H-02-supabase-project-dev-dan-prod.md
[F0][Kamu] 03. H-09 Sentry: error tracking,Menangkap error sejak awal pengembangan (PRD §9.2). Spesifikasi lengkap: docs/tasks/fase-0/H-09-sentry-error-tracking.md,"fase-0,manual,setup,observability",normal,,docs/tasks/fase-0/H-09-sentry-error-tracking.md
[F0][Agent] 04. A-01 Scaffold proyek Next.js 16,"Membuat kerangka proyek sesuai stack dan struktur folder PRD, dengan versi terkunci. Spesifikasi lengkap: docs/tasks/fase-0/A-01-scaffold-proyek-next-js-16.md","fase-0,agent,foundation",normal,H-01,docs/tasks/fase-0/A-01-scaffold-proyek-next-js-16.md
[F0][Agent] 05. A-02 Konfigurasi environment tervalidasi Zod,"Semua env var divalidasi saat startup, sehingga salah konfigurasi langsung gagal dengan pesan jelas (§12.5). Spesifikasi lengkap: docs/tasks/fase-0/A-02-konfigurasi-environment-tervalidasi-zod.md","fase-0,agent,foundation,security",normal,A-01,docs/tasks/fase-0/A-02-konfigurasi-environment-tervalidasi-zod.md
[F0][Agent] 06. A-03 CI GitHub Actions & Dependabot,"Setiap PR otomatis diperiksa, sehingga kesalahan agent tertangkap sebelum sampai ke kamu. Spesifikasi lengkap: docs/tasks/fase-0/A-03-ci-github-actions-dan-dependabot.md","fase-0,agent,foundation,ci",normal,A-01,docs/tasks/fase-0/A-03-ci-github-actions-dan-dependabot.md
"[F0][Agent] 07. A-04 Design tokens, font & gaya dasar",Mengunci token visual sebelum komponen apa pun dibuat — penyebab inkonsistensi nomor satu pada UI buatan AI (§13.4). Spesifikasi lengkap: docs/tasks/fase-0/A-04-design-tokens-font-dan-gaya-dasar.md,"fase-0,agent,design-system",normal,A-01,docs/tasks/fase-0/A-04-design-tokens-font-dan-gaya-dasar.md
[F0][Kamu] 08. H-04 Cloudflare R2: bucket & token,"Menyiapkan object storage untuk video & gambar (PRD §9.2, §10.3). Spesifikasi lengkap: docs/tasks/fase-0/H-04-cloudflare-r2-bucket-dan-token.md","fase-0,manual,setup,storage",normal,,docs/tasks/fase-0/H-04-cloudflare-r2-bucket-dan-token.md
[F0][Kamu] 09. H-05 Cloudflare Turnstile,CAPTCHA gratis untuk form login & registrasi (AUTH-10). Spesifikasi lengkap: docs/tasks/fase-0/H-05-cloudflare-turnstile.md,"fase-0,manual,setup,security",normal,,docs/tasks/fase-0/H-05-cloudflare-turnstile.md
[F0][Kamu] 10. H-06 Google OAuth client,Login dengan Google (AUTH-02). Persona P3 bergantung pada fitur ini. Spesifikasi lengkap: docs/tasks/fase-0/H-06-google-oauth-client.md,"fase-0,manual,setup,auth",normal,,docs/tasks/fase-0/H-06-google-oauth-client.md
[F0][Kamu] 11. H-08 Vercel: hubungkan repo,Preview otomatis per PR (PRD §10.6). Selama pengembangan pakai Hobby (lihat §9.4 soal lisensi). Spesifikasi lengkap: docs/tasks/fase-0/H-08-vercel-hubungkan-repo.md,"fase-0,manual,setup,deploy",normal,H-01,docs/tasks/fase-0/H-08-vercel-hubungkan-repo.md
[F0][Kamu] 12. H-10 Isi environment & secret,"Memasukkan semua kredensial ke tempat yang benar, tanpa pernah menempelkannya ke chat dengan agent. Spesifikasi lengkap: docs/tasks/fase-0/H-10-isi-environment-dan-secret.md","fase-0,manual,setup,security",normal,"A-02, H-02, H-04, H-05, H-06, H-09",docs/tasks/fase-0/H-10-isi-environment-dan-secret.md
[F0][Agent] 13. A-05 Komponen kendali + halaman /dev/ui,"Membangun komponen kendali dasar sekali saja, lengkap dengan 5 state wajib, lalu dipakai ulang di semua layar. Spesifikasi lengkap: docs/tasks/fase-0/A-05-komponen-kendali-halaman-dev-ui.md","fase-0,agent,design-system,ui",normal,A-04,docs/tasks/fase-0/A-05-komponen-kendali-halaman-dev-ui.md
[F0][Agent] 14. A-06 Komponen overlay & umpan balik,"Melengkapi komponen dasar yang dipakai hampir semua layar untuk state memuat, kosong, dan error. Spesifikasi lengkap: docs/tasks/fase-0/A-06-komponen-overlay-dan-umpan-balik.md","fase-0,agent,design-system,ui",normal,A-05,docs/tasks/fase-0/A-06-komponen-overlay-dan-umpan-balik.md
"[F0][Agent] 15. A-07 Skema Drizzle lengkap, migrasi awal & seed",Skema menjadi sumber kebenaran tipe untuk semua kode berikutnya (§13.4 langkah 2). Spesifikasi lengkap: docs/tasks/fase-0/A-07-skema-drizzle-lengkap-migrasi-awal-dan-seed.md,"fase-0,agent,database",high,"A-02, H-02, H-10",docs/tasks/fase-0/A-07-skema-drizzle-lengkap-migrasi-awal-dan-seed.md
"[F0][Agent] 16. A-08 Pola modul, serialisasi & batas impor",Menetapkan pola `service/queries/schema/policy` dan serialisasi eksplisit sejak awal — pencegah utama V-01 dan V-05 (§12.6). Spesifikasi lengkap: docs/tasks/fase-0/A-08-pola-modul-serialisasi-dan-batas-impor.md,"fase-0,agent,foundation,security",normal,A-07,docs/tasks/fase-0/A-08-pola-modul-serialisasi-dan-batas-impor.md
"[F0][Agent] 17. A-09 Better Auth inti: email/password, sesi, rate limit, Turnstile",Fondasi autentikasi di server. Ini bagian dari **irisan uji coba** (A-09 → A-13) untuk mengkalibrasi cara kerja dengan agent. Spesifikasi lengkap: docs/tasks/fase-0/A-09-better-auth-inti-email-password-sesi-rate-limit.md,"fase-0,agent,auth,security",high,"A-08, H-10",docs/tasks/fase-0/A-09-better-auth-inti-email-password-sesi-rate-limit.md
"[F0][Agent] 18. A-10 Email transaksional, verifikasi & reset password","Alur verifikasi email dan lupa password yang aman, dengan email sesuai desain. Spesifikasi lengkap: docs/tasks/fase-0/A-10-email-transaksional-verifikasi-dan-reset-passwor.md","fase-0,agent,auth,email",normal,A-09,docs/tasks/fase-0/A-10-email-transaksional-verifikasi-dan-reset-passwor.md
[F0][Agent] 19. A-11 Login Google & penautan akun,"Login Google (AUTH-02) tanpa membuat akun ganda (AUTH-05), dan user kembali ke halaman asal. Spesifikasi lengkap: docs/tasks/fase-0/A-11-login-google-dan-penautan-akun.md","fase-0,agent,auth",normal,"A-09, H-06",docs/tasks/fase-0/A-11-login-google-dan-penautan-akun.md
[F0][Agent] 20. A-12 RBAC & proteksi route,"Hak akses ditegakkan di server, bukan hanya dengan menyembunyikan tombol (§12.1, V-04). Spesifikasi lengkap: docs/tasks/fase-0/A-12-rbac-dan-proteksi-route.md","fase-0,agent,auth,security",high,A-09,docs/tasks/fase-0/A-12-rbac-dan-proteksi-route.md
[F0][Agent] 21. A-13 Layar autentikasi,"Semua layar masuk, daftar, lupa password, dan verifikasi, lengkap dengan state-nya. Ini penutup irisan uji coba. Spesifikasi lengkap: docs/tasks/fase-0/A-13-layar-autentikasi.md","fase-0,agent,auth,ui",normal,"A-06, A-10, A-11",docs/tasks/fase-0/A-13-layar-autentikasi.md
[F0][Agent] 22. A-14 Kerangka layout publik & member,"Header, drawer, footer, dan menu akun yang dipakai semua halaman publik & member. Spesifikasi lengkap: docs/tasks/fase-0/A-14-kerangka-layout-publik-dan-member.md","fase-0,agent,layout,ui",normal,"A-06, A-12",docs/tasks/fase-0/A-14-kerangka-layout-publik-dan-member.md
[F0][Agent] 23. A-15 Kerangka layout CMS,"Sidebar CMS terpisah dari nav publik, dengan menu sesuai peran (menu tanpa hak akses tidak ditampilkan). Spesifikasi lengkap: docs/tasks/fase-0/A-15-kerangka-layout-cms.md","fase-0,agent,layout,cms,ui",normal,"A-14, A-12",docs/tasks/fase-0/A-15-kerangka-layout-cms.md
[F0][Agent] 24. A-16 Header keamanan & proposal CSP,"Memasang header keamanan §12.5 sejak awal, sehingga masalah kompatibilitas ketahuan dini. Spesifikasi lengkap: docs/tasks/fase-0/A-16-header-keamanan-dan-proposal-csp.md","fase-0,agent,security",normal,A-14,docs/tasks/fase-0/A-16-header-keamanan-dan-proposal-csp.md
[F0][Agent] 25. A-17 Lapisan storage R2,"Menyiapkan akses R2 yang aman sekarang, supaya upload & video di S1/S2 tinggal memakainya (PRD §9.2, §10.3). Spesifikasi lengkap: docs/tasks/fase-0/A-17-lapisan-storage-r2.md","fase-0,agent,storage,security",normal,"A-02, H-04",docs/tasks/fase-0/A-17-lapisan-storage-r2.md
[F0][Agent] 26. A-18 Health check & cron keep-alive,"Mencegah project Supabase free di-pause karena tidak aktif (§10.5), sekaligus menyediakan health check. Spesifikasi lengkap: docs/tasks/fase-0/A-18-health-check-dan-cron-keep-alive.md","fase-0,agent,infra",normal,A-07,docs/tasks/fase-0/A-18-health-check-dan-cron-keep-alive.md
[F0][Agent] 27. A-19 E2E baseline (Playwright),"Jaring pengaman otomatis untuk alur login & RBAC di tiga lebar layar, sebelum fitur mulai bertambah. Spesifikasi lengkap: docs/tasks/fase-0/A-19-e2e-baseline-playwright.md","fase-0,agent,testing,ci",normal,"A-13, A-15",docs/tasks/fase-0/A-19-e2e-baseline-playwright.md
[F0][Kamu] 28. H-11 Verifikasi akhir Fase 0,"Memastikan deliverable Fase 0 tercapai (PRD §13.1): user dapat mendaftar, login, dan melihat halaman yang benar sesuai role, di HP maupun laptop. Spesifikasi lengkap: docs/tasks/fase-0/H-11-verifikasi-akhir-fase-0.md","fase-0,manual,review,security",high,A-19,docs/tasks/fase-0/H-11-verifikasi-akhir-fase-0.md
[F0][Kamu] 29. H-03 Domain & DNS di Vercel,"**Tidak memblokir Fase 0.** Selama pengembangan kamu memakai URL bawaan Vercel. Domain baru dibutuhkan untuk: mengirim email ke orang lain (H-07), mempublikasikan login Google untuk umum, dan produksi. Kerjakan kapan saja sebelum rilis — makin awal makin baik, karena verifikasi DNS butuh waktu. Spesifikasi lengkap: docs/tasks/fase-0/H-03-domain-dan-dns-di-vercel.md","fase-0,manual,setup,infra,sebelum-rilis",low,,docs/tasks/fase-0/H-03-domain-dan-dns-di-vercel.md
[F0][Kamu] 30. H-07 Resend: domain pengirim email,"Mengirim email verifikasi, reset password, dan selamat datang ke user sungguhan (NTF-01). **Tidak memblokir Fase 0:** selama pengembangan, `MAIL_TRANSPORT=log` mencetak email (termasuk tautannya) ke terminal, bukan mengirimnya. Spesifikasi lengkap: docs/tasks/fase-0/H-07-resend-domain-pengirim-email.md","fase-0,manual,setup,email,sebelum-rilis",low,H-03,docs/tasks/fase-0/H-07-resend-domain-pengirim-email.md
[Konten] K-01 Putuskan OQ-01 & OQ-02,"Dua keputusan ini menentukan jumlah naskah, soal, dan video — dan beban kerja jalur kritis (§13.2). Spesifikasi lengkap: docs/tasks/konten/K-01-putuskan-oq-01-dan-oq-02.md",konten,high,,docs/tasks/konten/K-01-putuskan-oq-01-dan-oq-02.md
[Konten] K-02 Konfirmasi ahli gizi reviewer & ritme tinjau,"Semua konten kesehatan wajib ditinjau ahli gizi sebelum terbit (K-11). Tanpa reviewer, jalur konten berhenti. Spesifikasi lengkap: docs/tasks/konten/K-02-konfirmasi-ahli-gizi-reviewer-dan-ritme-tinjau.md",konten,high,,docs/tasks/konten/K-02-konfirmasi-ahli-gizi-reviewer-dan-ritme-tinjau.md
[Konten] K-03 Kerangka 3 kursus,"Kerangka menjadi dasar naskah, video, dan soal (§13.2). Spesifikasi lengkap: docs/tasks/konten/K-03-kerangka-3-kursus.md",konten,normal,K-01,docs/tasks/konten/K-03-kerangka-3-kursus.md
[Konten] K-04 Kategori artikel & rencana artikel,"Kategori dibutuhkan untuk seed dan CMS (S4), sedangkan artikel ditulis di minggu 6–8. Spesifikasi lengkap: docs/tasks/konten/K-04-kategori-artikel-dan-rencana-artikel.md",konten,normal,K-01,docs/tasks/konten/K-04-kategori-artikel-dan-rencana-artikel.md
[Konten] K-05 Template spreadsheet soal (impor CSV),"Soal ditulis di spreadsheet sejak awal agar bisa diimpor massal (QZ-15, R-02). Formatnya harus cocok dengan layar impor 22c dan aturan soal PRD Q40. Spesifikasi lengkap: docs/tasks/konten/K-05-template-spreadsheet-soal-impor-csv.md",konten,normal,K-01,docs/tasks/konten/K-05-template-spreadsheet-soal-impor-csv.md
[Konten] K-06 Panduan & jadwal produksi video,Video harus memenuhi spesifikasi yang membuat stack tetap gratis (K-06): tanpa transcoding. Spesifikasi lengkap: docs/tasks/konten/K-06-panduan-dan-jadwal-produksi-video.md,konten,normal,K-03,docs/tasks/konten/K-06-panduan-dan-jadwal-produksi-video.md
[Konten] K-07 Klarifikasi kebutuhan penelitian (OQ-15),BINZI akan dipakai untuk penelitian ahli gizi. Kartu ini memastikan kebutuhan penelitian diketahui sebelum fitur dibangun. Spesifikasi lengkap: docs/tasks/konten/K-07-klarifikasi-kebutuhan-penelitian-oq-15.md,konten,high,,docs/tasks/konten/K-07-klarifikasi-kebutuhan-penelitian-oq-15.md
